label,name,density,ef,del1,tau1,alf1,del2,tau2,alf2,del3,tau3,alf3,del4,tau4,alf4,sig
1,"cerebrospinal fluid",1000,4,65,7.958,0.1,40,1.592,0,0,159.16,0,0,15.915,0,2
2,"grey matter",1040,4,45,7.958,0.1,400,15.915,0.15,2.0e5,106.1,0.22,4.5e7,5.305,0,0.02
3,"white matter",1040,4,32,7.958,0.1,100,7.958,0.1,40000,53.052,0.3,3.5e7,7.958,0.02,0.02
4,"fat",950,2.5,3,7.958,0.2,15,15.915,0.1,33000,159.16,0.05,1.0e7,7.958,0.01,0.01
5,"muscle and skin, as muscle",1050,4,50,7.234,0.1,7000,353.68,0.1,1.2e6,318.31,0.1,2.5e7,2.274,0,0.2
6,"skin, as dry skin",1060,4,32,7.234,0,1100,32.481,0.2,0,159.16,0.2,0,15.915,0.2,0.0002
7,"skull, as cortical bone",1920,2.5,10,13.263,0.2,180,79.577,0.2,5000,159.16,0.2,1.0e5,15.915,0,0.02
8,"glial matter, as grey matter",1040,4,45,7.958,0.1,400,15.915,0.15,2.0e5,106.1,0.22,4.5e7,5.305,0,0.02
9,"connective tissue, as dura",1060,4,40,7.958,0.15,200,7.958,0.1,10000,159.16,0.2,1.0e6,15.915,0,0.5
